Date,GT_CodeLines,GTEditor_CodeLines,Sum 
5/15/2026,12522,1633,14155
5/15/2026,12522,1633,14155
5/15/2026,12522,1633,14155
5/15/2026,12687,1633,14320
5/15/2026,12788,1633,14421
5/15/2026,12777,1633,14410
5/16/2026,12805,1640,14445
5/16/2026,12647,1639,14286
5/16/2026,12686,1655,14341
5/16/2026,12685,1657,14342
5/17/2026,13009,1657,14666
5/18/2026,13145,1682,14827
5/19/2026,13195,1867,15062
5/19/2026,13195,1691,14886
5/19/2026,13195,1644,14839
5/19/2026,13195,1644,14839
5/19/2026,13245,1644,14889
5/19/2026,13245,1644,14889
5/20/2026,13317,1644,14961
5/20/2026,13318,1645,14963
5/20/2026,13344,1645,14989
5/20/2026,13360,1645,15005
5/21/2026,13324,1646,14970
5/21/2026,13592,1651,15243
5/21/2026,13592,1651,15243
5/22/2026,13592,1651,15243
5/22/2026,13597,1651,15248
5/23/2026,13509,1651,15160
5/23/2026,13509,1651,15160
5/24/2026,13582,1654,15236
5/24/2026,13582,1654,15236
5/24/2026,13589,1654,15243
5/24/2026,13589,1654,15243
5/24/2026,13589,1654,15243
5/26/2026,13702,1660,15362
5/26/2026,13702,1660,15362
7/7/2026,14674,1704,16378
7/7/2026,14674,1704,16378
7/13/2026,14684,1704,16388
7/22/2026,15426,1763,17189
7/23/2026,15431,1763,17194
8/21/2026,15525,1882,17407
08-31-2026,15757,1871,17628 
